x1,x2,classe
9.15667071316131,-0.35664723161469913,1
9.814534186224993,2.486602834158294,1
7.840821457222367,-0.6735311641583164,1
9.225771018129553,1.213546714685747,1
0.4710763547074731,10.331467601886647,2
2.5223057224927756,10.717298383955093,2
-0.2529787362367413,9.742161718376623,2
1.6883263516671554,8.525410507075035,2
0.6157042632360206,8.59982967008635,2
7.94565281240059,2.8035544383648494,1
0.7200847470591825,9.528545498621423,2
1.0344251542819052,11.43953570337105,2
1.2659193075146051,10.846366118578523,2
8.800648140993461,1.21247108410698,1
9.364500810848583,4.507811373921706,1
8.148007518776623,1.6297777362461172,1
1.1136639424312864,9.39942865378047,2
1.1759992834658517,10.453918611618267,2
1.169544092833959,9.621617254797652,2
7.347999400741267,-0.8876439531973443,1
-1.8809839415510532,10.364933674696717,2
8.46941760094745,4.660822219188054,1
0.3283970053642088,10.098197883747535,2
-0.6320809275392181,9.619756869607196,2
7.952203645184492,3.1182217323222066,1
9.983834514400217,6.415740941686744,1
1.5666327258791444,8.952626200328442,2
-0.5687178746183525,9.765506022398753,2
6.239255416747948,2.1173212035008055,1
9.119076069907972,0.275273249762928,1
7.6045342046138895,3.4216848200983856,1
6.782481611558156,0.7960476976936772,1
7.771772002659766,2.964798910297335,1
7.310393672703993,2.89778556344354,1
7.558272142854631,0.672487961129469,1
8.452686898565766,0.3303250727299394,1
-0.752504854768616,9.911144763429059,2
0.9392306120798575,9.561506059710785,2
8.164569201852734,2.575977736885646,1
2.342863185784802,10.159634843612324,2
0.9954266060104113,10.887632071890836,2
-0.1343612705258317,9.397366428843988,2
1.0528686191955963,11.099445517605439,2
-0.6091363482091738,10.719945963246417,2
8.222873401142417,4.659782319141687,1
-0.075514629353719,11.03121471384457,2
0.3222742495598737,8.517481338792058,2
8.02325128800175,0.4550132308069581,1
2.8737741765526863,9.118030993853223,2
9.400596548271073,1.4057282282121009,1
6.526888804772358,2.390783532473734,1
7.543661896469994,2.2938765586885914,1
7.936220792251083,4.738114802020213,1
8.75046064827964,1.1524990073747752,1
2.027811054056343,11.46468692389331,2
0.4395970810514016,10.73607185650902,2
2.141471137064889,9.159314617587858,2
1.4675824207243158,9.310243262207504,2
0.9533425142580272,11.202821608053586,2
7.794639590492344,1.9054460345303337,1
7.753598984939879,1.581153299558281,1
7.543472464812734,1.4357485525291387,1
9.951107524996884,1.1923136107574352,1
8.021223859267412,3.1823509317940673,1
0.4502171735709578,10.177739851981217,2
5.972770957807678,3.2842376257992987,1
0.7892736225593864,9.58063493566361,2
8.175027148747263,1.2308225757340059,1
7.853413852872864,1.8483940507943024,1
8.09723257307127,3.9923415483585085,1
8.201658612102738,0.5411278747109571,1
-0.14700250881369303,10.376709122794153,2
8.02776005834459,1.0156071539556617,1
0.36536292709558094,10.792439837255328,2
2.2706236583486294,10.831414874251754,2
0.3646475018575974,10.028845408640096,2
3.322875179083418,9.781079331545147,2
5.393155883750795,2.978605222878149,1
9.028781183221357,1.1496407694605124,1
1.9999047708102586,10.45382462089126,2
-0.5117322825719255,11.449909245685774,2
2.3705447850140473,8.377001275849297,2
0.6643085060543625,9.77148444639444,2
0.963619221978774,9.810322811118573,2
6.026255242096987,1.747382737643513,1
1.0739874682157051,9.980535260375643,2
9.949090749260073,0.8621104719687089,1
7.62968649945796,-0.3617380953373459,1
2.789398591905549,10.927588513211923,2
1.812271702683601,7.931499302493444,2
7.578131603643742,4.748715772663054,1
6.575421634732854,1.0929339118365826,1
1.8597530748889066,10.148133001451008,2
-0.2551322392426698,8.695588475854835,2
7.836841271919749,0.8280214669715233,1
8.637314739240527,2.5411666924662795,1
10.111744576492708,0.3664010707107286,1
7.045531761837253,2.218548271103521,1
8.065069381824776,2.639598332134677,1
7.099577360285577,1.3720566484474876,1
0.4218000481352887,8.331065573967198,2
8.128672219973556,1.0766016455502037,1
0.7581224728571694,9.260788886409845,2
8.099939981864468,0.8951711381564713,1
1.763454419549999,11.950086200463504,2
6.809242544408924,1.4732930251165475,1
8.575135954115552,5.270074098074712,1
1.1565635318325111,9.457561329767517,2
-0.10696058108965523,11.386986157168593,2
8.214735134013276,-2.3464177156674637,1
0.7502961270212436,8.518235773418384,2
8.391623336621368,3.6935968611898122,1
7.404663791039116,2.2280303211011367,1
6.824632735005367,1.5255339875787826,1
0.9476653947328852,9.843672486685465,2
8.368630308213163,6.314506463843015,1
6.262151134326922,-3.157531356855034,1
8.242839828399354,5.0759948760560984,1
0.5353278310367839,11.045454041572226,2
9.309962381638847,-0.09423423182699286,1
8.075465391239414,0.7839084650259782,1
-0.19566757692732262,10.002652257695889,2
9.588395265882784,5.612192274091358,1
7.807356389432759,-0.6499254445592304,1
0.026519671430401903,11.163515113620653,2
6.054868054084482,1.1859824120662665,1
6.844766678882649,4.747301068836913,1
0.3619108623632171,10.658829743286047,2
-0.021392483756425662,8.52019775564807,2
1.2236548374008336,10.61450566878467,2
8.482878237911143,6.560315862846536,1
8.920994971557136,-1.9312496437147084,1
7.980142243417241,1.4011316527899256,1
7.646987097712428,-1.8877500714023925,1
1.421840787956733,8.995150893882961,2
8.009851299050988,3.0738620921311384,1
6.233693927770444,3.3624757357107447,1
0.7735994758924002,8.827188843097714,2
7.201129057307199,6.227839932393738,1
8.60262384382678,3.081495021005363,1
7.747175588891551,-2.4602098635722864,1
6.774097358270864,3.7377103673867427,1
0.8880802206233906,8.264131473390107,2
0.6953577532747264,9.134413397053805,2
8.31134063190059,4.321564863834725,1
-1.672546179531031,10.222129615554648,2
8.342576021920072,0.4124912693073046,1
6.439169306054122,4.288026588510055,1
1.915141620897482,9.806484052280142,2
0.7046669619762277,9.381379737984384,2
7.2705901128813455,4.357551506896927,1
6.980019085023061,4.09645470655545,1
0.31084931980022334,10.789038986738753,2
8.630662400171191,3.2428827710510015,1
1.991096506852524,10.304435342837682,2
8.031559224049118,0.4308747956402006,1
-0.22900647546047548,8.644044833601846,2
1.8560854898353836,9.396569771455114,2
5.4163783635818294,-2.1574876396087097,1
8.268662184643109,3.0476543324772507,1
2.145455745745274,8.07854307225655,2
-1.5641922380517106,8.906482186032795,2
-0.3370553343913656,8.871351058898494,2
1.1474653194167466,9.368360201723316,2
0.5589863823131703,10.66767327173552,2
7.82141094840828,2.3697759246754058,1
8.977913938131877,5.374449014667881,1
6.789935945505473,2.0912300338594294,1
0.29244381704054767,10.87369851712088,2
8.446255492436856,-0.39652040520917575,1
1.930760863791534,8.429373118780324,2
0.3828160122631358,9.238309539700845,2
6.407693883207209,-0.47663948970480785,1
1.6406602068901308,11.93799866943034,2
2.1765297726988013,8.911678105610402,2
10.630788496960083,3.591018001619731,1
1.5320066901849072,8.398987897015822,2
8.819499547022705,-0.034120970556893226,1
0.8497843429273344,10.592421777627743,2
11.411867842689455,3.9087867299252483,1
6.668643240923828,3.2922724246378703,1
0.7753618250220509,9.093526491507495,2
0.29645166705378034,10.091205316215133,2
0.06441504992876024,10.38992129353355,2
7.3838931534672465,3.0016374291129067,1
6.0983062389678615,0.08376662568836313,1
-0.19617935455157975,7.4142094086894055,2
0.5789860612604203,8.768176342267717,2
8.262107159277498,0.2118557878325662,1
7.626062160826065,-2.82845482644203,1
2.6409812944017634,10.900505609448972,2
0.8111575392409601,8.50444336659837,2
1.0050351330155243,9.778336657414522,2
0.6361308957044209,10.158122897101551,2
1.3069430006313234,9.472987539957682,2
7.55039213125727,-1.269981248462591,1
0.30548314766905726,9.738802900820177,2
7.8263910350293635,4.2556151237644535,1
7.782569771743978,5.833511379751439,1
1.861144157896319,11.228828349690291,2
8.504633078520044,0.9819237878395868,1
1.234688063342724,11.53680070154993,2
0.8192245533442577,10.909305850404035,2
9.603400629309316,3.006156535254187,1
-0.5269367934899472,9.379007199689548,2
-0.9776857486794548,9.04629712482386,2
7.3423739662744,1.2490715055645523,1
1.1416384468272334,9.787380615479535,2
6.775759702715703,5.444346016891339,1
0.7353298875754339,9.241355226136482,2
-0.523590870806792,9.838192568902022,2
0.317130596874022,10.868928600041553,2
0.6819694292261205,11.413175270907596,2
8.051698630539741,-1.7534811667548231,1
-1.0111953235244866,10.836511452830557,2
7.848900409120661,1.7687195021912878,1
8.533283574789424,0.7252054424301693,1
7.435505907247357,4.377688307273389,1
1.331747683293455,9.567548642285356,2
1.2050792779107067,11.240035554763729,2
7.925284535203564,4.309236028944531,1
1.447798653794955,10.991695623213715,2
6.755747672757524,3.8605487177710005,1
-0.3397253729380536,11.322817266696,2
8.783406152877506,2.284117322279397,1
1.2464076324907463,9.736433240432829,2
0.8113104421978046,11.03026025842978,2
6.409471976049804,3.9848027658914473,1
-0.7193329341726302,9.178817936767022,2
8.142485060570355,3.7250345215946856,1
7.130626964340829,1.445086472442792,1
1.1839030349082276,11.73752713086032,2
7.800196273809894,1.6908697173682075,1
5.948623273884145,1.3724026238325895,1
1.1866487106556503,9.838671289827827,2
-0.480067769923477,8.413307704932068,2
1.7491087473612368,9.847098902844234,2
0.32143712250372325,8.444925252249002,2
7.958802309077408,-0.5208810861294602,1
8.488299861002382,0.03288340719373828,1
8.344753705179336,-0.4022329866049641,1
8.365513150879632,1.637654675504146,1
8.249651547666284,0.43519464029450017,1
2.0853868340789425,11.066201224735593,2
0.732345926236402,10.443882830121009,2
0.1983671691085187,13.085038921637775,2
7.252914946090247,3.4134499804848426,1
8.015488934120748,3.5174306047417554,1
8.884061700365304,4.216364867083582,1
9.189201892776177,3.263206149803058,1
8.364883501848928,2.8204430797041717,1
1.0698104934918164,9.830571451334052,2
5.751520857501643,1.9751780733986426,1
8.358204377737959,1.876229469767098,1
5.342229397943856,1.396398427578387,1
1.7123459777157937,11.839640743518984,2
7.330578343904353,1.0727969233018486,1
-0.13415690935847224,10.084670761491733,2
7.464341019758188,0.7052522322167785,1
8.117608239246369,2.942488765399748,1
0.7178635814602807,9.324337527518923,2
8.58402865380105,-0.35929208893065123,1
6.494238430931098,-0.3850189290464465,1
7.867350656661053,2.4541282520712118,1
9.650637757695979,1.8812317145673152,1
1.2346940471676622,10.304555361066132,2
1.592572212381694,9.735060543261035,2
9.059303460470584,1.6980255444081336,1
7.66829974513443,3.344025789329737,1
8.10696869472841,2.356261345361901,1
1.2170342748676313,8.92989107818632,2
0.5542542109523031,7.904424415419225,2
-0.8555806571291871,10.298277291154053,2
1.4572295808218712,10.27554170760307,2
-0.45062607907528385,9.624150109090174,2
9.40915204621398,1.4401418544876092,1
3.1992290976129096,9.892025276904487,2
3.0821677024286775,10.252544846501097,2
1.3735960408309684,10.423418643466603,2
1.5722479143265324,8.786674209252405,2
0.4642775263826172,11.264698491333665,2
0.9895209494040338,9.517535166444578,2
0.5557435606704002,9.458636305516556,2
6.787048367447023,1.7711009370710649,1
1.6866768441542808,10.231425976295444,2
8.429610093785652,0.6925790566625456,1
-0.54271561702332,9.614987101187777,2
6.650827194916058,4.77251614839028,1
0.5563800001629282,9.707178377336774,2
6.80104677318432,1.5026236613982826,1
6.670133937235712,1.7091740289086008,1
6.400613855208602,3.553917256064481,1
1.4112402646200806,9.965754945595314,2
8.620177024665118,-1.6541513205540963,1
0.11351680783763318,10.380114571684935,2
1.4891958962831509,9.204559007568863,2
8.941659491116635,0.09772224042313038,1
0.5490896824244759,10.092182084479006,2
7.696640457911101,0.2358282514330614,1
9.55002399255317,0.8094684396180261,1
8.183240574584914,2.1447010193711558,1
1.1810534417919254,9.065118686058126,2
0.966207297590042,11.127760567804135,2
7.068152994134346,4.577043446912388,1
2.463653275346478,8.867095967423666,2
1.6482049774652814,10.486773612581993,2
1.8677184398367612,9.3751040533319,2
2.52001430306776,9.32176269207279,2
8.425569588860416,1.7685032283334396,1
7.475328450738961,1.4205001250904754,1
2.3422354434424157,8.494934204282998,2
8.874166026928663,0.623673670656613,1
1.8425978770134168,8.65296356896387,2
7.596350817774854,6.36828467386139,1
6.643673105212224,2.373404488572693,1
10.072385320979894,1.6543107763980376,1
6.871113692720195,0.4696314459990458,1
4.9643183081176385,-2.166652014720774,1
9.564846571629026,2.735792125268108,1
-0.2075414474712094,8.497550243259049,2
8.561899987267513,5.535700768189914,1
0.3058900143606452,9.72843917164285,2
7.875171594217774,0.9586627792019318,1
0.7569592003388281,9.731290691120337,2
-0.5395416922769671,10.9636234472567,2
8.366321680039421,2.735775556443289,1
8.086279152603542,3.3024621922536976,1
9.61900708993657,5.213576077956077,1
1.7284386139981907,9.469137461913915,2
7.306778920409661,4.297888832636529,1
7.726198632078736,2.44678308714839,1
1.5745136776930475,9.399571617118983,2
8.595469355958233,1.2761721597028535,1
8.520371170502223,1.6105353790534807,1
0.47973479513654127,9.934297408071938,2
7.903111364522279,0.7325729429319676,1
2.0528910085112013,10.318562063764578,2
8.977867659996232,2.0221806536998175,1
1.3993895608753855,10.10244718003347,2
9.100432730587785,2.7946569463436433,1
1.7430724975819514,8.553264736491121,2
0.48200479373595806,9.283624800863775,2
1.280085669554197,11.679184250560619,2
8.16769999150592,2.588150818613069,1
0.07449316673391426,10.023852076387444,2
2.612082564420338,9.873925452182807,2
0.9833883819047953,9.246844221744832,2
1.8421110254500297,10.370530195643466,2
8.594376390009995,-1.0604975004853232,1
-1.0736245353384382,8.531206583674475,2
7.1865313401472655,-2.269890795349304,1
3.0501279737520357,10.354344968099687,2
8.084241940597497,3.1288260275250837,1
9.631971454899345,0.9828131019027344,1
8.941354919081851,4.260895702077839,1
9.842205480509227,-1.0815400104199808,1
7.396644914633853,1.6689210912268082,1
2.4319490043716483,10.201136663818888,2
1.3761801527987152,11.758300318813072,2
0.22025424897607238,7.827723399198818,2
7.997684678711454,4.4295616585699,1
1.3870556480693361,9.397963188996446,2
0.5256196775435769,9.838597809818621,2
7.687018047233393,-0.5051809689923825,1
8.250361692057107,1.0885186012367458,1
1.8757244179622512,9.704151268751646,2
2.1357179580540606,10.49994476396567,2
6.999028566837596,1.5962087233140474,1
6.431923462084805,2.828403853719564,1
0.9974526908303921,8.292882153522562,2
7.529100635063514,3.896566468775073,1
7.815973047112541,0.7388067243705538,1
8.912354782288352,0.8845195548019256,1
0.32688699645534947,9.813813848419393,2
7.438510483581985,0.055697178923766355,1
1.1484591214855415,11.226425806161096,2
7.351234452807897,2.7273330501162434,1
2.870091928327736,8.761532715027714,2
7.786062094029778,0.3688292546529115,1
1.5201016292879723,8.998608457250137,2
1.8685986945277286,9.973522125832323,2
0.16610758772494516,11.840842181639307,2
0.6899378206751252,9.554650470267553,2
8.219109370511664,3.5911986679559558,1
7.499543246104819,5.07256416618843,1
-0.3370797213239709,8.19438439943395,2
6.767530647677925,1.3835931603205474,1
7.523485654715568,2.2329981548722837,1
7.38141187209746,2.0878754293187054,1
1.8191174453036134,11.405017691496443,2
2.5588079720458543,10.169196209575752,2
9.521132575135846,0.4751311241107512,1
0.8507618329202185,9.943874142406573,2
3.6662387809261396,9.344221812144504,2
3.3837614915651626,9.318418890024484,2
8.813586975804391,1.3561952380801716,1
1.4394624193748964,8.729263091511916,2
1.2207889843948365,10.5607052393998,2
0.2488161872740402,9.701530893805321,2
1.3751409337449538,9.996475017605876,2
9.48250422130216,-0.49347546336167714,1
1.6724657708181656,10.264631129404576,2
-0.15050745106535968,10.29740227741197,2
6.756312167303841,0.8771025186889434,1
8.502263285666666,1.2117365941569693,1
0.686019773574295,10.495758157110025,2
0.47402815417733946,10.192451843011252,2
6.159614311423895,1.8043233048110807,1
0.18146356717084222,10.465575983158654,2
0.8017835004264618,10.33644584687925,2
0.9613249898597445,9.214526868186402,2
1.178583922982584,11.818232874044293,2
8.66022061315737,-1.3710898876621656,1
0.018242136528468733,10.036424231505828,2
6.061822299299132,2.3588569878941943,1
-0.5679494023915725,8.334564315608977,2
7.319399338236958,2.7839480921599757,1
6.087395548419412,2.2759985344302645,1
7.681525583880834,0.9267187999556974,1
0.758630407692381,9.896007176014475,2
9.289098184111111,1.2509950516165627,1
7.53178248258506,-1.1543949395251079,1
2.5145503759933083,10.748149619325702,2
6.426441966305157,2.1269616934736706,1
-0.8216874462421011,7.982872278732387,2
8.149420519357895,-1.6431037425224377,1
7.241288908213183,1.3854864946136487,1
7.153376294930828,0.08028205752414785,1
1.078844188716483,8.519352654764079,2
1.5127193057917356,9.297187075559954,2
-0.7977757165339141,11.114761422885572,2
0.3625797859300718,8.5626960901389,2
1.1598652073457354,9.342806329150456,2
0.0001279043186276363,8.608668418877569,2
0.8144018461025881,10.948673185254995,2
1.0841451559852355,9.257297318492835,2
5.887885423854148,2.5076029616233324,1
0.15687427103048146,9.500521621394507,2
7.8678928449556595,-3.427205400290518,1
8.477302958635358,4.303240760574756,1
2.73198619352564,9.01036355719291,2
-0.35442813889621716,10.129386058068034,2
5.93446737187506,2.2843960592214763,1
7.71172250746804,3.7102735185195215,1
6.919181672757957,1.988644567146872,1
8.935310071280007,5.65002527127065,1
7.269605496336702,0.42212776357529314,1
2.0070371656276773,10.767047642867741,2
8.365206652446538,4.004497740359567,1
1.4445253239618143,8.845317144822198,2
8.13571148021377,4.105316433291944,1
-0.8680127752694056,10.004892922532871,2
6.839610474953119,-0.026042156797816407,1
7.328898862677245,-1.5830400231064141,1
0.47300041144278493,8.555700489555624,2
-0.025086658126035388,8.08686356234093,2
2.5193345103271705,10.473259329289816,2
7.486545519437495,2.6946247907725773,1
8.653625950167452,3.723276045211292,1
9.691241101112551,2.196991511442572,1
5.7286503720065935,1.7941111560105203,1
9.50181585635438,5.108004635300048,1
8.057621030441254,2.3447571788452137,1
7.851115063600538,1.8347912695456763,1
0.613105229963379,9.660186373411303,2
7.4115325540495105,0.3018982503450005,1
6.627649624321926,0.7992678293270279,1
-0.017898104035777074,7.851510767138288,2
-1.1404946344173714,10.307135294046414,2
0.5173420581514556,10.529840484131102,2
3.2397404746551923,10.70226409026969,2
1.6790791917423982,8.885009900688344,2
1.9489428678655025,9.372162545681089,2
0.0730258321998487,8.656818758291,2
8.734061714637273,3.8249107147899144,1
7.554736739538802,1.656461750920461,1
8.826518581116527,0.11831466125021817,1
8.356394810816168,-0.2687353466300153,1
2.008727969670505,8.289094611930528,2
0.8922740238739988,10.402646610373512,2
0.5434979765231998,10.49580166252731,2
1.354110694320776,9.36665372627566,2
6.187950013684501,0.4288708499874754,1
9.655675059880055,-3.8840372455759358,1
2.3061051769339507,9.605478772661371,2
7.59572051774291,1.4371614201738285,1
7.447634223351504,0.028889956566900077,1
6.6744605316189425,2.257421373046759,1
7.4882789574015725,3.081856718382388,1
9.365959659428288,4.993356845165151,1
0.764096750573929,10.745405433241281,2
0.30834693616807984,10.72645437665181,2
1.6898537915299663,9.308030111608325,2
8.213290148995934,0.9578341757051052,1
8.775291945417802,2.3966996315714995,1
8.23722999090566,3.646693306334484,1
8.264524126883547,0.9631389942727568,1
8.057784567707898,4.524769960936933,1
0.09689375943998779,10.193560093047616,2
6.915777983382994,0.34552307589443054,1
0.568403080714251,9.947993068611437,2
8.205666237745964,-1.0732443797208608,1
7.548216217890913,2.9639081358045534,1
1.4628521774542609,9.967004438667315,2
6.822928239568084,-0.04354237722631593,1
9.621900744561763,0.2488980098472231,1
7.477005320427887,0.27150145225675626,1
1.0948370280607693,9.481742061721885,2
9.726818246459082,3.6313379748269248,1
1.4113318531789911,11.727477576126587,2
2.598015478789742,10.076965578700657,2
9.831924183741899,-1.2290333894407581,1
7.076147930028318,0.08942365854050083,1
7.4510813976488315,2.5004188600305226,1
1.2493896039325114,9.208978110245459,2
7.353172906428485,-1.0496492340310022,1
9.056492541406334,0.5312057750370942,1
-0.860311763039193,10.349261217330357,2
2.829865857070957,10.092432926980022,2
1.0380592173151049,9.745989552628652,2
8.034735653696343,-0.2944262889512834,1
6.079006934376886,1.3772605681343233,1
2.2468008358705425,8.480755669487394,2
-0.0455432182241744,9.798440442916998,2
8.766734314246749,0.17748305976069845,1
0.7024264559091676,11.315781999933284,2
1.4971694186746696,12.4297457693367,2
1.367662931061657,8.524882886806248,2
1.8989170018572121,9.406496152141493,2
6.997404094965583,0.5341911328785467,1
2.0422605675878227,9.850421499857083,2
7.751986634271267,0.6860857316080142,1
7.187435392455333,3.5253174825412166,1
6.911818250347672,0.3337235701899508,1
3.493800122317985,9.27659393496754,2
1.0341994375132837,9.564770323036184,2
8.735100107131004,0.9243692464923403,1
1.6512449353169951,8.433187367665957,2
7.478699792654658,3.735330388617632,1
6.953561277294761,0.9160802053953649,1
8.147997075513787,2.6943058667876962,1
6.895244111816322,2.0285320089264713,1
8.505930299978182,1.6820912219134359,1
0.3292641917752427,9.637385042675424,2
10.09295557274183,1.3476547007325193,1
8.773811854611507,2.707467234632389,1
7.373836614238566,-0.2421691505509287,1
2.6006241499016474,12.440193477589236,2
8.582907330028533,1.6846923894724601,1
1.6749156067952145,10.663658866741667,2
9.35947801664268,-0.8550181036061741,1
1.0951844694606876,9.719573281746838,2
8.199361488648142,4.270770414537923,1
6.675033622039423,2.0820972719348863,1
8.353133296752011,3.7916978553723784,1
1.0404752000349977,10.59419836466066,2
-0.6924595266615234,9.305551466437842,2
0.5558278675639767,10.719904279940993,2
7.261137659822456,-0.10584989334176376,1
0.9843083868008206,10.009980348294167,2
2.625649196987469,9.513250756034122,2
1.0104470658599458,9.549264901016693,2
0.09457357310402259,9.376377323924052,2
6.656605156904256,-1.1675759138452135,1
-0.9201806501204646,10.854258880153724,2
0.258942943006769,10.0693439568197,2
2.0694909562668427,9.667039275805617,2
1.7160057377863236,11.770845937500727,2
-0.2758830214418635,10.002871503163332,2
8.96472519345685,1.4291342527121862,1
2.25525149593493,10.202821366736805,2
2.3732003025771924,9.16500005914235,2
1.4837712520046105,8.903386600470618,2
1.857316071619946,9.908353726718664,2
7.0872368905618215,1.8167292012653933,1
8.974391327587284,2.6853050865864536,1
0.5515440646215574,7.962914202091846,2
6.172081087746376,0.11505336127512233,1
-0.04542300129717214,10.140404168449423,2
1.7039778493994597,11.08843839460692,2
1.9197113870426166,10.657625675469419,2
-0.8514682522392112,11.423587594520031,2
1.9750720853665122,10.802089821320493,2
2.3529336461623673,8.01880449480884,2
2.200797461161554,10.304990377926691,2
1.3695973052113166,9.316665470684287,2
1.1717469382540826,10.207100982942318,2
7.465258751930098,-3.3631332705898593,1
7.361135860297807,0.7497516297846307,1
8.404372141737838,1.5938527398685198,1
8.114724869322373,6.568057356774359,1
2.246627833307739,9.830477688075979,2
2.4311633287649155,9.099280035222835,2
7.700465433206114,2.4020785833516958,1
7.422378742240581,2.654315328495539,1
-0.34096320492851784,9.902297670377708,2
0.6025201745894664,8.468532993684763,2
0.9924514542623025,9.592057670327753,2
0.926184228869364,8.917340239718241,2
9.19308422981495,6.675212490067023,1
0.7212441693695134,10.04336906371386,2
6.638573460388622,5.833693825312085,1
0.7936820373889648,9.900124824981246,2
7.759839481654507,1.0879683776535516,1
8.17786512307776,-1.630059589856418,1
1.0342874363827104,7.801987002775905,2
8.195406347807479,4.958506422344136,1
0.7514041040558239,9.889948894801375,2
6.273729890423654,2.25238790725845,1
0.8731668699935019,9.638471195540973,2
8.748530924725282,-0.2534725393475661,1
8.691748477237967,2.4406318880859494,1
1.1246633794916499,8.648951404133815,2
6.89103487993908,-0.3664141151289879,1
7.687566074221525,0.8938107067458998,1
0.3131497592338329,10.59254787984658,2
8.033085535999978,1.4611223376223013,1
6.541737429288407,6.117966705861596,1
-0.08756084146496712,9.182438540562957,2
7.6769558850593915,3.541756042671265,1
7.373529282877664,4.437168144669948,1
2.953425288954577,10.316888557266177,2
2.8040621658930127,11.701854916500084,2
9.297054326662241,2.2939387689684763,1
0.9705128788425448,9.125159179450602,2
0.10639799657085158,11.907195031833721,2
8.325206343548134,0.4431123549428335,1
1.4576365075704758,9.462033478865305,2
6.999211116418476,-0.07937670729508106,1
1.3635195757553378,8.345131819975638,2
8.379126101177075,1.5811043013415857,1
9.58958522921049,2.051116962399943,1
8.522960535467016,1.2673296208334546,1
1.0829997894962968,10.629082895488695,2
8.168812602459152,-0.5865578661562787,1
-1.2872914977606027,11.132678375782193,2
1.2686945421146336,9.86648818402562,2
8.86979366872138,4.924692934436814,1
8.842335192788209,2.988178342510996,1
8.860291238877291,0.8025269815073726,1
0.7006445223092336,8.948407383251347,2
0.5785600137593875,7.95180606801866,2
-0.22332579471722158,11.06325265168935,2
7.893028769793585,4.063286488602468,1
8.052885038539033,6.137290453308773,1
0.3571391254271621,11.286828588371307,2
6.72379247270907,4.785706922066897,1
9.521782377397233,0.3317440741038107,1
8.779750238558936,5.523056501699012,1
9.654150854080207,4.42033825591724,1
0.12086457214714408,8.41486115904008,2
-0.13546379214125692,8.39297148278641,2
1.702506642831954,9.387146609477083,2
6.941899979719313,6.585993608365649,1
7.996133845490404,1.0651067004395303,1
8.722330239943535,3.965177553986452,1
5.63474526926567,1.7926316101581894,1
8.165110348274023,0.2961603830611337,1
1.2437762900979008,10.595792408785641,2
6.696242474731335,-1.7540282476888307,1
2.3107195258812907,9.885347126334505,2
7.845298660035294,1.310456719847206,1
6.523235290516967,1.0739444197370962,1
7.98898430520214,4.193844642159793,1
0.7936600745299535,9.610283285156392,2
6.53426836139368,4.130899505195879,1
-0.0740779345441751,10.79298398851343,2
5.662281247916611,2.7980922451581076,1
2.4283178629258355,12.1243615595464,2
1.1000424219346865,10.593194816970513,2
8.30430994391427,-0.23012782792410658,1
8.879197893298668,4.086483355333032,1
0.2022777958507359,9.430669339755546,2
0.8646559876402277,10.78000959016739,2
1.6021464122209912,9.629890128240461,2
9.061110497072256,-2.049151998520734,1
9.285661211245296,3.864514292916247,1
0.6234142280358232,11.598183213285411,2
6.857492261990544,-1.5095051880064045,1
8.141977057535897,1.10666365746758,1
6.80744463883621,3.1543363638336883,1
7.95975040600506,1.0414574046812821,1
7.695394950011697,3.7055787995858207,1
0.2456942831037806,9.492103692888225,2
5.9115312263747235,3.0710922687872326,1
1.0354502836651431,10.05172242001976,2
7.660684936622609,1.0854343819351209,1
1.7018393572594142,10.229610732016964,2
8.295490221701083,1.0755525798718568,1
8.607063825637372,0.25148277553029974,1
0.7849723603431782,9.9914176293181,2
3.455810109033191,10.479736491652593,2
1.03153633840369,11.175701387681322,2
8.513133884097412,1.07291214681958,1
6.986732349900971,1.751946057648014,1
0.06792445511378897,11.338510164157208,2
0.365492735667337,10.819150554110994,2
7.470892717804225,0.43756557484577807,1
9.0504564362266,-0.17868708161700209,1
8.687982014562772,2.873881512215649,1
0.5987430708481494,8.895306254039271,2
1.1294199713921087,9.629091353827118,2
5.912653883557491,5.85581236995206,1
2.161280785855036,9.256905283030218,2
7.220468550357575,2.2106819669887448,1
7.905844647383429,4.338432087582817,1
2.1427841551535067,9.242861867423304,2
2.9501267937070814,11.514603878259994,2
6.2747926396825475,4.333503226703085,1
7.924830149993507,3.223647353636559,1
7.2252127983708805,0.6287281683211847,1
7.211734417006252,4.81427814434867,1
9.040097814663813,3.169272733576971,1
8.307604242244574,1.9102476570596512,1
7.163437049853227,0.7033730000864635,1
2.069839555395253,10.538733430359436,2
1.6444027361436162,8.900825307221858,2
0.27543486634046566,9.703838596443957,2
-1.6295881854553267,10.306345045881885,2
9.05687401696266,4.865757718121737,1
0.7743787538370737,9.296295914340087,2
8.065808701567898,-0.2011549439587479,1
0.46301230762965995,9.971524146533302,2
0.5682779220477958,9.378919855987899,2
8.796069817701,2.778691931655214,1
-0.5210233885191942,11.021589525694356,2
11.098034078950139,2.904333329773052,1
7.539222668699634,2.314638754409383,1
1.4822337892300936,10.26310604525788,2
0.12772170467859312,11.048512831064585,2
-0.03683377691566192,8.980791131206837,2
0.777950435024152,9.294063982730279,2
1.001987981004638,9.741767865880933,2
8.313123918661223,0.07005848405434212,1
0.15685614989653585,11.388422585103957,2
0.34136137803910205,9.787942175550251,2
8.020955917767235,1.8515675539248593,1
2.4377122281230053,10.334395471495052,2
5.720085561041538,-0.6660301593992934,1
1.483271064785439,7.922558736415942,2
1.2666675862425458,9.927507848954262,2
-0.260229959895089,9.978459403083257,2
-0.7577894930115687,9.19685984716113,2
6.988642709741567,1.5910639176599393,1
1.5026189392790195,9.934723675795498,2
0.8266822274347391,10.16247966694834,2
-0.09502962917170077,10.733021459868954,2
-0.042098761261582185,10.42674219514075,2
1.4662302481121752,8.73813098738143,2
7.740946801922008,3.1876522403724987,1
7.336821490333201,3.162506153943643,1
8.358681481637934,-0.2923619655833418,1
7.266317809285296,-1.7740790875766934,1
0.1024755290004713,12.30412658884912,2
0.336944612935007,10.018924993480272,2
1.0199580219276798,11.941863188981946,2
6.777840147739979,-0.13067366751981702,1
1.9137091841405274,7.687478644107111,2
1.2874856707650233,9.793693711498184,2
2.8074666217726563,9.78354847221656,2
2.9115547593596185,9.896012815513759,2
0.22984228229117876,10.082995404956925,2
7.988145039326077,0.4079876638582147,1
7.815260260364139,4.873734027779438,1
8.929786012926197,1.1571739337056433,1
7.156505546569685,1.4341935207331848,1
-0.16266379647149742,8.936663787754469,2
0.5533943954185492,11.38200828648228,2
7.743330504986492,0.8288185332164655,1
7.45594099255195,3.0606126143246852,1
1.1643635231256488,9.88794755131396,2
8.235774362238974,-0.49303335122689074,1
9.461418869120138,2.785917197116544,1
0.16505792003919717,10.273051835857936,2
1.245932020859733,10.18606367251365,2
1.0825778840314098,10.599360281376743,2
9.034332611059652,0.1812583473996736,1
-1.440108514407457,8.660696238390145,2
8.204803450010573,0.9878360215190156,1
1.742593083083654,10.352213231107182,2
8.161459960219961,4.389068566186975,1
6.237428944667364,3.098891352489736,1
2.2506006850123486,10.879722439426615,2
8.76151074391269,-0.5346580476662641,1
6.660093273917167,0.313150903704976,1
6.767246874361242,7.08646660799075,1
0.8179381080769176,11.30327267141348,2
6.720058263123024,6.288430235782024,1
7.7816847072198225,1.8549313484524284,1
1.5310212536939711,12.361169600446349,2
0.3927294014117988,9.171499516245124,2
1.3695093172061772,8.846874181728372,2
1.5956373793201173,9.670178170998266,2
-0.07855160496628599,9.961135286510801,2
-0.2632053949350459,12.129956469356726,2
8.67061214704233,1.3364933004310946,1
1.0424935714993344,11.329311141396143,2
10.170152873368464,6.6676463111734146,1
1.262351693216615,11.438433006586143,2
7.036525214605569,3.1067389261908547,1
0.5512210158024231,10.251668941357932,2
8.181748716645922,-2.026006690796784,1
1.4783103530516157,10.744088863355477,2
6.894220155515692,1.9114749440186376,1
7.952005377558129,4.444247400576082,1
0.03591142651574053,10.000304660645304,2
7.077599704216472,3.9204134568965907,1
1.0590846988859337,10.681962240112822,2
6.619892746983887,1.865866086536666,1
1.1921925806298717,11.100326636364224,2
0.25217794901217605,10.595457843688278,2
0.49437950765978655,9.783622125347652,2
7.857648585229069,5.330791023859909,1
9.501385796987304,-0.40941631303876935,1
8.152201096548989,-1.033129797342648,1
-0.2547367326643093,10.923613731058154,2
1.147181720486479,10.488024593357789,2
0.03265809305064904,10.256258894671179,2
0.5593053055960515,9.811150585504729,2
8.948904276067225,3.8634170668967043,1
10.636479265526102,3.713940875789591,1
-0.38006586329657566,10.536442055887722,2
-0.5008922514250138,11.667028555382263,2
7.1913756527749015,-0.16662387086542996,1
7.219503930263532,2.7097010378786934,1
7.662244062443289,2.1578548186698994,1
8.089902175261672,2.5153853279088074,1
6.016531261975541,2.9022686522294943,1
1.3676112815029267,10.504324457616256,2
6.379510392790924,2.6188531473538674,1
1.1785834388046326,11.944220080842552,2
0.018240247729782055,11.227313239031737,2
0.7068832979095165,9.883043047667122,2
9.284760331648688,1.7291143923952577,1
-0.01136751285702875,8.72697367900694,2
-0.38030206050673687,9.87189447090325,2
7.187072814205037,3.081177706308535,1
9.695722763122106,2.2402636077892413,1
2.077767311481761,9.756927713505343,2
0.27797887100107255,9.411907827498032,2
7.954831151253063,3.2789394361602193,1
8.052945855807765,2.3568249183980696,1
9.37410819931227,0.8698742298913928,1
1.344998796900982,10.733722891177226,2
8.079036421930356,4.417473275370588,1
7.992004327189786,5.168592712502347,1
1.5325031998294445,9.268361237858851,2
7.1154444341965055,4.535366637584593,1
0.7170074917688778,11.80548748978882,2
0.9342186500691918,9.946711312524057,2
1.8834927067806604,9.421242604878788,2
8.593411468135471,1.5469637148237179,1
0.5867069297494175,8.03989079147241,2
7.859869017906236,-0.9391415186067773,1
8.41958907801157,1.42841132141598,1
1.2564830548297876,10.371641920595637,2
1.7248698596817493,10.758249072636737,2
6.09589979503861,2.0727831005795507,1
0.3706613304682167,10.326674728576899,2
2.3636660947830923,12.479239411290436,2
7.204364035551577,2.327743017577733,1
-0.18896147692273568,10.00954700149797,2
6.980389301224838,1.7570282289588979,1
0.9857681786643925,10.056674489585351,2
7.788829502800582,1.8883351866959042,1
9.25579829937747,-0.021084299596583644,1
1.137646420259467,8.434033687649219,2
6.897107006495677,4.892719518772656,1
0.3635402111870094,10.58337015259726,2
0.27113848476470814,10.648422605281821,2
0.8181399591034264,10.448948876703406,2
1.9772326919661645,10.744051182456273,2
7.220413716445071,-1.0230343947456597,1
8.567795533481181,-0.23137561322131983,1
-0.5039099411253376,11.12442442582077,2
6.829371377739651,0.7504261202167299,1
0.16980319633374497,10.320598703314852,2
2.646236677448709,10.274198196406894,2
0.14240514793436176,8.979768517047875,2
1.5617040210871618,11.394592070155452,2
6.454825918142793,5.712632232393934,1
9.235298263724141,-1.7584437495531078,1
1.5853709899052926,8.692575890196773,2
1.0016416231213732,9.91126326804153,2
2.8969242435754454,9.470838862881095,2
1.6516901261761612,8.783925054205957,2
6.032483528095976,0.9255408399635288,1
1.4167126198602098,9.744146422473767,2
5.158139773443725,2.859429168192023,1
-0.9288140077344869,9.896292504744517,2
7.801102676637072,1.0879851813705395,1
1.6474974576713448,9.351698858616343,2
0.9476143471407251,9.188632027627929,2
9.050343389317446,1.949598637023782,1
6.58906628571541,3.716826793883383,1
9.34727100603419,0.8518263287967252,1
-0.9106767704672523,11.264592656458216,2
0.21955576860801862,11.091407488451125,2
8.933659336444208,4.75007459347599,1
-1.1027984357215082,8.68410697959409,2
-0.6019751849452797,10.127300513832717,2
0.990091597573839,9.818985620055733,2
8.632458934117654,3.049513967987385,1
6.380807574683182,2.5626768077585678,1
7.707055875692782,3.0458698743088863,1
0.9568570729069655,9.830028004345309,2
0.6192316970593141,10.715209015002806,2
8.841014587443574,1.5463761895578925,1
7.719662816821946,1.957953106268044,1
7.931339811842688,2.645068261997598,1
0.0705284903762049,9.42484764593376,2
1.6518782713880924,9.123313528373851,2
-0.7173847387549153,11.605890848499548,2
8.741382417396595,2.4559989037323695,1
8.540481963859444,1.6434531310378153,1
7.426998435291683,-2.3029457446860198,1
8.93301595254138,2.8161279696239636,1
2.1335728547727486,8.835715715062,2
9.244499797992962,1.504067877775293,1
0.438703256990685,11.16439492970793,2
1.9762927676156223,9.636777844717308,2
0.7013846920849129,8.535280068726632,2
1.242237798900623,10.731235322234703,2
1.1153348113725554,10.608822694052822,2
9.176353553943196,2.9017567714323347,1
0.9454061324824488,7.969759083786676,2
7.610953131656591,2.3944870851638846,1
1.7728231964364838,9.684577604274983,2
7.433983524613158,2.979233986595495,1
8.434720123110147,1.5567786670546133,1
2.2785493268116084,9.974471690779769,2
8.47416764822509,1.5800217523288447,1
8.22478484323271,2.7114227632770485,1
7.555804613805855,1.9466354854625378,1
8.55731408865504,4.309883500912468,1
8.751391519782223,1.739583947633844,1
2.476029547461028,10.767077758380704,2
8.232207875676556,3.1743654846862777,1
8.418725468579362,0.20730976033834514,1
8.805788500877618,0.7792402760860042,1
7.927605346046465,1.5193092087763758,1
1.2880172624332704,10.344189823535961,2
0.3314287226192921,9.8943907889337,2
8.16804325793894,4.219384923978902,1
7.96360086542667,3.530472123792716,1
9.340863661342492,5.354222496947438,1
1.1725334672362924,12.28326391268966,2
-0.8945830088763429,10.375150267612018,2
0.3317253564225301,11.049644089749384,2
-1.0463489087630617,10.94929073866603,2
1.0963996976253068,8.593898808241061,2
7.57715937024438,2.737561492893298,1
1.4863413322239805,10.971568633156211,2
1.0582105262302246,11.318230046035517,2
9.162075631127204,4.274201082736759,1
8.24714825263503,0.4362338414248841,1
0.9014731887923115,10.961703426298186,2
4.638064494470131,11.013630687418704,2
0.39977169260106904,10.373735406078072,2
7.5563708723698,-0.3232433547275315,1
9.061019457997002,-1.2087047471022432,1
8.79039533183964,0.6663931008783284,1
8.725226027265794,5.015213326804709,1
1.37655695314192,8.9531699001294,2
10.141872080145903,-1.4715794085702236,1
1.1686127748720785,9.898468858214779,2
9.109831954352442,3.571586241670323,1
6.75781871549178,2.0516817500383278,1
9.069423935875797,4.355768576416325,1
9.157931703234734,1.3268780837037104,1
7.782126241085728,-0.9963765974060426,1
8.512844527736073,2.4085224594347605,1
7.861296045411501,-0.5456835215844849,1
7.734599710233355,3.155057201802628,1
8.981921696634023,-1.3427834831638563,1
-0.8571823239293161,10.944673252809926,2
9.147409517282165,2.058243394793534,1
0.5661276987759909,9.597032929425016,2
2.3549230826793526,10.080714406780986,2
2.8992772438827323,9.281509068924455,2
7.602912918587328,1.4473284354482931,1
6.647664435559589,2.752389821919444,1
7.706824904226123,0.15114240335027374,1
-0.03959939336949647,9.729913231650533,2
8.052992413921986,0.024740859091318068,1
1.0623916359735277,11.130701080781567,2
0.9983146984070894,11.679310780145206,2
8.149143580772018,3.682673759684804,1
7.655288457013537,0.20356538032929694,1
8.93945415307399,6.8848296009725445,1
6.858774074496678,5.591449774038543,1
1.8689172603591566,12.198095636130038,2
7.2960745100739555,4.173903045493847,1
8.100095230592501,-2.692430391445108,1
1.6902961252653639,11.201369210316141,2
9.671485873872887,3.1982174637449474,1
7.170963600866055,1.416438586764614,1
6.743204791374565,3.2495313534395933,1
7.6132219364107785,1.2831985313324137,1
6.478870297384711,2.1984717220240455,1
2.005057360811186,9.3568282354052,2
1.2873178580986395,9.687206961879406,2
8.906471759605816,-0.05089211065536414,1
0.4001118442828906,8.314741097431035,2
-1.2642013828454468,10.6396489160014,2
8.486399118697582,-0.1082214093091034,1
7.736918884264341,2.7829043149493136,1
-0.36619108019677604,9.41562083534861,2
2.3319631464371646,8.650648390569781,2
8.128834320876503,2.3033036912254725,1
7.881052835568376,2.705696867106242,1
1.3373227386434898,10.981379445879758,2
1.332696115048519,10.011617492456317,2
0.6011246484080062,9.396332665748877,2
1.0096216129886948,9.692208641178992,2
2.3793607893071083,10.122627143601923,2
2.585750197695905,8.861858856368368,2
6.011759284286912,2.126827491619806,1
0.3230643942818121,9.578853404036762,2
6.31501888962226,4.031647913628457,1
0.9383426964243248,9.916847753967893,2
1.1903430648310862,8.997657154572606,2
1.1353948262243099,10.462461143614538,2
6.705651215523474,4.47418121784931,1
8.055754845966456,4.4572828630504375,1
0.5345966420682282,9.434119112772736,2
8.979250897360046,-0.7687237475851956,1
9.744082348101886,2.6694542032813917,1
2.101646209119746,13.30347662461081,2
1.2951709296317313,7.670205736641421,2
7.656782787741384,4.832214394726737,1
6.790764396218237,-1.0649112817606396,1
9.33489252290967,4.6340863269405475,1
-0.9895553032153526,9.445493062363886,2
7.415565085643288,1.5903026745619788,1
1.5557622526365655,10.834604842000799,2
0.9216714245334987,10.84729163197307,2
0.7314927814080261,10.15779159962661,2
8.042904692750731,3.017566905197144,1
3.0626770101069813,10.768090152307785,2
-1.3454977080422332,10.672381980100806,2
7.687249708228069,3.370183635942817,1
-0.27749872052467506,9.989421101055317,2
1.6706524975773196,9.660471394180023,2
1.4514985540467846,9.506472513539158,2
1.8243556399225294,10.588135054766104,2
6.196632058936876,3.406354369088718,1
6.447550580592241,1.8861584717991091,1
6.28336085103574,3.451707566520282,1
7.771930181984475,2.0101397033631634,1
7.526074154772058,2.3626785817511404,1
3.0372522991395687,10.12754957654029,2
8.333241545294625,1.791030778380055,1
9.00826285324991,-0.6125479109958532,1
8.377376002730735,5.013238912454215,1
9.464224195591695,3.0931392806976516,1
1.9807798132822478,7.955246174594369,2
-0.11033211185251579,8.232615830126253,2
7.748027394471476,3.0602133587273235,1
1.0183631454646374,9.236024263144891,2
8.933973037886206,4.107580543980991,1
0.5575544958009804,9.278673564584809,2
1.735958024373509,10.499673544098426,2
6.875704306137896,3.2849045447348155,1
0.061655981743811816,9.986145344378533,2
0.961228042592332,8.779894592811967,2
7.934872030329771,-3.1153192269793326,1
7.305011258071168,4.219661525350672,1
8.314532327041961,2.4051699090855347,1
7.865603513540066,2.2138085342035643,1
0.7507018717942355,9.738766422054946,2
-0.8586660257499643,10.147383616004188,2
0.6322302403332087,10.467055819794071,2
1.2513832844035087,9.971445553549989,2
8.224034774822162,0.008061103754280152,1
9.027065614075354,5.031857493393055,1
1.34125828329343,9.26610135843686,2
0.7107701369227947,9.33713504626031,2
1.907796278646738,10.984458339860282,2
7.933342456606515,1.8300776764344209,1
0.8668574820003716,9.856943710682694,2
2.37103435871893,7.713820976296601,2
7.812836799137617,-1.3795698998176236,1
6.716124650491124,0.32227265717023434,1
1.2070006938976643,11.221574275414396,2
8.821585575067774,4.4666034716520935,1
7.1932071680645695,-0.3908450225015119,1
8.00634085125841,2.3211622956582576,1
7.8510507187439105,5.1185007972472185,1
8.907900335064685,1.93954424373582,1
-0.03913102096891974,11.952963220131174,2
-0.893380876655089,10.326290397056297,2
7.470250150264493,-0.16228619939051914,1
9.053124653795809,0.9193268828154593,1
8.887644336948608,4.892320685591315,1
8.931185478570699,1.854995355496815,1
0.10093997387246534,8.878846102614267,2
1.754186386368743,8.911558840000545,2
1.7128427664143548,11.418111710484526,2
1.507929513466667,11.2045788855387,2
-0.5899634837761314,10.040583063873719,2
0.8512901391685147,9.315218475383798,2
9.146359616600936,4.4093796237858385,1
6.583202328838837,3.285138940566103,1
7.730241629212887,0.6538605143388514,1
1.577597009887529,10.106916005436531,2
6.625485023860174,0.3104355973334436,1
9.39828283642237,1.590207627049618,1
10.151075182022161,1.6916481847613436,1
9.02237623998999,3.7313134991340533,1
1.2669425386525621,9.061613153828997,2
0.051561666322647914,9.682053109377417,2
7.34493161015114,0.17145155364216014,1
6.611508157346072,1.601824789185387,1
7.688851153635238,0.4690166773786757,1
-1.229078163809135,9.184912512418656,2
7.4058119065155985,3.9400685994985816,1
8.06902528610498,2.401187605581755,1
9.428720511570384,-1.6897614783652433,1
7.569913480226544,3.7347154939602514,1
0.3854712514454878,9.742199004195031,2
6.593858710806424,3.596258173635574,1
7.4630234642314095,0.2973219042769315,1
7.797964086880036,3.5495794786053483,1
-0.7598201880382478,10.071656473996434,2
7.283880935325898,0.7468480047048522,1
7.808559123727419,-0.35414288645648995,1
0.3741706655360153,10.768806215714852,2
7.468283534948246,4.631648272874745,1
2.254823624988998,10.53551496585086,2
0.88681179487322,9.719816747189363,2
7.33653008160239,-0.06169134472510329,1
7.4157178561912485,-3.0363031672277865,1
-0.2521336650828556,10.19695118083539,2
9.81428356405481,2.6719704723327196,1
1.3134388656625995,9.246412985425696,2
7.159931474222613,2.15452931116903,1
0.7338558300622435,10.932511861838085,2
2.0656666860907436,9.81223259516471,2
0.531175694273686,8.85923860198245,2
1.5936788321571234,9.735307719728741,2
1.7372496517742773,9.76314826340386,2
9.357662976151197,1.8126877806535264,1
7.960748150510171,3.937877579586826,1
0.22248060109275036,9.681735989978069,2
6.941564988713791,-2.077975831477958,1
0.6353743664362035,10.063728960558473,2
6.300883338938117,4.652591316702099,1
2.4345692408014976,9.738305588376676,2
7.059439987103536,1.821889888518361,1
1.4333911286890417,10.315284777646216,2
9.328694031112567,-3.165901826030476,1
8.341304234867462,2.823431294799109,1
8.901554875175279,1.557194807389781,1
0.5694092755353506,11.153841033485083,2
8.972317504452086,0.2552733068418982,1
7.623054931856497,5.4971182325916885,1
0.9751338241157308,9.493847180109729,2
8.108353675682489,2.774550395417626,1
1.3122404029162458,9.484686962114097,2
2.178529653669295,11.460772768679966,2
7.055538057370926,2.5103606177178452,1
2.006565978218347,9.554819870467899,2
2.8405123623552146,10.484590617202867,2
1.4458053474541221,9.596711631795321,2
2.1533547402919035,10.916065039630293,2
2.481724610893841,8.417293085054965,2
-0.9054898030703089,10.71213601905809,2
8.191479649840263,3.583601256325344,1
1.200669964848894,9.887933314540552,2
-0.5817150895523964,8.622218825471224,2
-0.06502761397474344,8.499286955875045,2
0.0602448780436613,9.839511616247444,2
1.5895355310872619,8.59406583222478,2
8.086826895854587,1.727256786361573,1
7.8317564890206,-0.40076287523393894,1
6.384193327059824,1.7751071388929143,1
1.5272485664716595,10.096496465364933,2
8.850042873706283,1.9454329287839958,1
2.2649991226605546,10.029092568775445,2
7.645221719772932,4.72576521946222,1
7.302424081017079,-4.023848461244732,1
-0.90092031394181,8.692022126366313,2
0.807442421831587,9.950723664920204,2
0.46452583020541416,10.501675446817744,2
7.487736347188725,-1.925368481209134,1
0.7451142828684918,10.430595461565204,2
7.440265092064832,4.848809271661168,1
-0.04714919049745614,11.091415874038432,2
6.804201791378705,5.315960320602505,1
0.05941421188127094,10.136543137807864,2
7.868336164567794,-0.06659885191228243,1
0.07289789769420507,10.99068299374906,2
8.721952227506,0.10972305049910491,1
7.761895009189728,1.7854653563126055,1
9.934221101495874,1.2836113370380313,1
0.7137893152689456,8.137175561960527,2
6.579534007256555,-1.02104172839765,1
9.631295243366594,2.152497930088381,1
6.810520614208256,0.7156724637852885,1
7.438477646828962,1.580974775752843,1
1.8146517675549845,11.270207530325328,2
0.6435578486367581,10.049500922062775,2
9.146251007136017,5.338101799552881,1
0.8867637107897591,10.670249451391472,2
9.344587799308547,2.487248615974382,1
1.004200207481245,9.71108646864096,2
0.299043087831218,8.19653003970945,2
1.2780635996098624,9.677466422523281,2
0.707451110765669,10.467599590989927,2
8.243411444072235,3.3481981836269963,1
-0.36289696996605136,9.327457933522501,2
9.076564261662707,2.938193535156413,1
7.508421225477541,1.3019376995490322,1
0.13086703960487522,11.649842964806668,2
1.8010971422512956,11.268057233461864,2
6.743692284375868,2.2675034423077283,1
2.62532405144503,9.68694798815458,2
0.771397794457692,9.394207318072826,2
1.2606059678471944,9.926818848120748,2
1.1520367016710502,9.224449048611346,2
7.502265115264226,3.885323692202963,1
8.931244215463641,2.52720079492252,1
-0.0597697150143226,9.010203308257973,2
7.109966277093377,-0.28039312522013393,1
0.5350283671348508,10.023238212952089,2
0.3384735631969539,9.914289117422424,2
8.655337626341518,0.7918990442624372,1
2.3484831223820013,8.90568280608518,2
-2.0981511861036384,10.012072367947999,2
0.6011737734703146,10.383840937618974,2
1.1683767297252927,9.082611551082694,2
8.053997595996673,2.0409124685022397,1
2.7061965328980504,7.995753215525968,2
1.52956170094749,10.264108670586575,2
7.815693831482931,3.4669411229561726,1
0.859418971897071,8.471857841952895,2
8.082018178688235,1.0832886487895865,1
7.6566268088187295,3.6208293452614724,1
-1.0730541332055576,9.293725550648913,2
7.094730939736221,0.7287337254757631,1
7.7958821529782405,2.3170258024846873,1
9.298103678717656,2.3193354230667937,1
0.7870949322660903,9.670971949251,2
7.782529402348263,2.663041199824466,1
8.75448597110944,4.241569015239912,1
-0.13889787812379684,10.894015665011102,2
0.4357027598262717,9.282135196245218,2
1.1557576524874456,12.706654418789064,2
9.271794126760389,1.2234669256285464,1
6.922083629926992,2.1051506442889645,1
-0.0773483755506732,10.186895640750475,2
1.0132752300876797,8.613269085080017,2
0.6243448983664392,11.921557933992544,2
1.360213968861276,8.433137610604156,2
1.8165144453992461,12.33616693004405,2
7.733319222289091,1.0644916921611838,1
6.471065628249985,4.339670306614371,1
0.7375956953322431,12.335777331596951,2
7.1158160427819785,4.504023051341688,1
2.031809322050056,9.757638008497821,2
7.3768409036357765,1.8609986457009324,1
2.4879899514128407,9.782424255447534,2
8.451675968673609,0.8122097852144226,1
1.9589223373834126,11.436230769412544,2
2.1127227204718118,10.241432936968817,2
1.9349584925954841,8.874134074068666,2
5.424066728293109,4.026404929729155,1
8.685538758650255,4.287101776832531,1
1.4670181421032649,10.275738248289914,2
1.2527227155680933,9.291360967387389,2
0.9847748963931356,9.440347492311608,2
7.081689340012296,4.2542871582435176,1
8.0205562756764,2.7435596500998702,1
1.3782978313236902,10.409794689248585,2
6.986462464571108,1.9803444776206487,1
8.09965606357535,-0.6705224860244976,1
1.8291288121950466,9.548991966097885,2
0.7818487840319783,10.072081209015025,2
0.6730802569712113,9.924080073569252,2
7.425057855013279,3.222877144474413,1
6.309071035365187,3.0507913985587303,1
1.6886905115372621,10.24530930313982,2
9.00933738404968,2.5532028660221497,1
1.2984122093988255,11.693781838511413,2
6.9567518896418346,2.519330565711096,1
8.29275340857593,2.0215066147901517,1
8.397740596162027,-0.5399178022277797,1
8.265683947425828,5.27057671580477,1
9.257177545791329,4.491430497694453,1
7.955640982858912,-0.3699840267797314,1
7.943670180274133,-0.19902439876370437,1
2.799071923206759,10.194853021703853,2
8.76797281692759,2.214799773930956,1
0.9777930168687484,10.704349118572447,2
5.230872626312522,2.6121817659818607,1
0.025219713222239815,8.841452357556161,2
0.3477853421411705,9.863967770763832,2
1.8097182495445914,8.748549974612878,2
0.19427129223196404,10.28783456226213,2
1.1451191688537365,10.030265072689074,2
9.101974231680188,0.8581438181612693,1
7.340968972018523,4.0517841309648865,1
8.612477175967255,2.899681451122744,1
7.640781306743846,-0.3586706325993547,1
1.5869461036583155,10.386019151541182,2
8.086084099389652,1.8283989404153025,1
8.675415271339617,2.347978613282923,1
6.503163617542748,-1.7813003779486132,1
9.392194409618682,3.415778043975949,1
7.327810299356455,3.3088252043183384,1
7.238740700361976,1.8981849268882665,1
8.614210213396607,0.1811677135652272,1
0.4358978117531441,10.76153887280468,2
7.293457279178382,0.019923771023241166,1
7.2398642401556295,0.3161441303316912,1
1.604405822525492,9.501275563463537,2
7.896109805485373,2.4906265645780024,1
9.814316252361436,2.0624163672322187,1
2.291871700963436,10.834896279369557,2
6.7261943449590635,0.2630308654542288,1
8.087494881598696,1.9173623496457202,1
1.3485291471548295,8.274586392298446,2
1.9411199210883527,10.5497551366294,2
8.092258588135762,0.48543635042599864,1
1.3310252325084253,10.280330528937222,2
7.934480791192829,3.394837714807516,1
1.1110163530154555,10.412754320140298,2
-2.195180008815974,10.20634120792995,2
6.370104754113941,2.0272933812958707,1
0.6718988453827647,10.1675889244945,2
1.1719653612094483,9.067488700385065,2
8.176400160764747,0.6252258075688715,1
8.699473554308975,2.495602326846938,1
9.256650827036978,4.444377257987949,1
1.437398941838712,10.542388984367202,2
0.47266906221754257,8.780751962112223,2
7.233671999416029,-2.906301398413473,1
-0.033378991108723666,9.388202600129596,2
8.189737905970675,1.9348013177945302,1
-0.3457965190558512,10.778362746554212,2
1.5792344831588456,9.484838806314835,2
0.7479811113268376,10.93046224223232,2
0.03202349055603593,9.900018735849201,2
1.0186643449780306,10.015639514115659,2
8.177178587867694,3.21658806040164,1
8.463159319217965,3.0004050351594014,1
1.6366388857454104,9.551622411314465,2
9.849515232646617,1.0993446031601002,1
6.749566748412942,3.917579687910912,1
7.541245492602896,4.386678516850765,1
0.12527577023166414,11.709203939596927,2
0.26625296933834897,10.487701522973376,2
9.514807104572512,0.17759042512982215,1
9.774764972457994,4.522729030175367,1
8.682757758118752,2.9544442743501738,1
6.372243071148288,2.4626177926559483,1
2.2923997191983383,8.678402774450664,2
6.927473844190569,1.571320854527729,1
2.9158397933261475,11.028451026955143,2
8.114980493480136,2.1411420663085745,1
8.646940746951612,3.246810241611178,1
1.6501453063243257,10.391551646176808,2
1.7972338699610648,9.560146771869283,2
0.18235773496210128,9.81546400350328,2
1.7246528800530811,10.449995358371824,2
1.0763086222869218,9.866628498285838,2
8.564292624370093,1.0515817745020808,1
0.28689947093090573,9.904024654896435,2
8.59361941097182,1.8817083735666391,1
9.446392790960202,0.1981906886000966,1
8.941288331709757,2.979687375592243,1
8.637397058868622,-1.3122952680653506,1
-0.944980103714409,9.66072699281071,2
6.811402084332932,0.6020519077702386,1
7.315462772980979,1.158053030334894,1
7.722078827172704,5.80911925372787,1
-0.48103709599745326,8.824101721164713,2
10.195242267788267,4.8849804605523115,1
9.85522401060491,2.137293686868448,1
1.524105853263439,10.014532746592291,2
6.5999295944401295,-0.4223294668722679,1
2.685817696642431,11.324120863127101,2
8.689039254748275,3.167420747745379,1
7.07968996611531,-0.7944052865045443,1
2.1387992147835426,10.977696155371884,2
1.0149330847155065,12.069908020701064,2
0.9106586581115271,8.76366824528439,2
0.3515970267415751,10.38913324183587,2
7.165046076177709,-0.8283014841298808,1
-0.27616979458722546,11.574720221660897,2
7.137812224688507,1.0266140728914155,1
5.023942463279347,0.6099127501841874,1
0.38055447013070454,9.825145636744205,2
1.4232872047425014,10.42730270085465,2
-0.1516723379989957,9.464470987276195,2
1.0878406351011787,8.606926212569663,2
-0.8458601396099117,11.686694950879742,2
8.036546825918833,0.7913870855034235,1
8.004103568058314,-2.3055944158323713,1
0.11293379178606044,8.9796837681855,2
8.537560203551807,0.5980473776779578,1
5.724479776775647,1.922924363766375,1
-0.6705078667837379,9.50925822913672,2
0.7837831863848114,7.833439958831276,2
0.9166692490765879,9.90366586406834,2
0.1922620542013017,10.780881363698006,2
1.0412033375122056,9.314892659715907,2
9.261010679719982,1.3436458537055953,1
0.782346847862461,10.189357699642459,2
2.5751789591095964,11.103350006039387,2
8.72875074709387,0.3808216783357965,1
7.736597425357559,3.2473713235917288,1
1.7828062845403485,9.407965728084209,2
0.3995245146965093,9.320184145773975,2
9.064050921605137,2.697570979398837,1
7.175467564599957,5.26000178403113,1
-1.2388187154381134,9.256002963448346,2
2.469035014294242,9.158345431590122,2
1.0464453323304677,10.096043232504357,2
6.851041165203127,2.8785407097870106,1
9.664810750106318,-0.7885323144050256,1
8.143276463868066,2.392209218593027,1
5.850667614383749,1.7598205987155744,1
9.044182487704086,3.16137873865418,1
0.17340202290971307,10.99738172387578,2
0.6418955475368545,11.617380014927322,2
5.39122337591969,3.3501604538823875,1
1.669800086283613,10.617354571975635,2
2.1993674813872515,9.958830483816131,2
1.9186947572101607,9.195131619079978,2
-0.5884090471982533,9.030451577729632,2
11.45478940847075,5.60923318177848,1
7.095431447904667,5.272021162317629,1
0.8265625506176539,10.129652056164668,2
0.13225523490146052,10.429845720380168,2
1.8142300979188186,12.345710145531967,2
6.403751460759535,3.1752957693222195,1
8.831905801736749,4.657918340598709,1
0.42568361789212095,9.593423822313422,2
1.3497914119810628,10.903422290677454,2
7.1392848548061245,-0.9394285995992941,1
8.775021381382349,4.330839488299964,1
5.831389777938485,6.954711800398166,1
7.305030203308308,2.855058490015854,1
7.78319425697149,1.9904990890357677,1
1.4466868643468573,11.140407309642136,2
6.717823450938182,4.269177766556961,1
1.5690342639927506,10.07283448272717,2
-1.8999794555002048,10.715981899296434,2
0.1298444868515103,10.365157521939228,2
0.5587113050450077,9.698079904492687,2
7.905568635322037,0.7465454667222993,1
9.24950458218433,1.3919918189223366,1
9.086229632729484,1.494431671893096,1
1.297476487167241,9.799718247540588,2
1.0802773914429116,9.480475654800001,2
7.400161908230601,1.4690933735063405,1
9.537954418238046,0.6412885049585539,1
-0.9294126185347109,10.574141104622457,2
-0.22705204033778892,11.079168425865737,2
8.986593047004446,5.200512121582624,1
6.8939052472443425,5.164105626173674,1
7.142445225047116,0.07513481830204549,1
1.2201496126540383,12.353402263367373,2
0.4467461642261854,10.08947316105844,2
7.586080081398766,-2.0205603026266914,1
9.117899632950472,1.8146767585148267,1
6.8262478597200245,0.9547696668784877,1
6.651721891988036,5.329534443583583,1
7.318460904705667,2.689664388235563,1
9.168876600743465,-0.006366062990207588,1
2.118546182690877,11.797799801464844,2
6.791686785891018,0.6519837473645911,1
6.936907124606061,1.981182473373498,1
9.972691950556825,2.1222166716765707,1
1.325899868456192,11.494452326964591,2
0.6619435625878265,8.489895791644427,2
7.098941545035597,2.4733405034834615,1
-0.1972251220516792,10.96449714668133,2
1.64725665462615,8.950081617024843,2
8.146787709265242,2.1477575075921496,1
1.552973633605208,9.766929112759637,2
8.974986557123463,-0.7178543537592335,1
2.038065134348124,10.461542737726637,2
0.2954237069914907,9.794060720615423,2
8.626478416443549,-1.4195215368413479,1
1.8835282893026446,10.720499161705257,2
8.026804262215878,3.752821404149737,1
2.389069874746647,9.398874464986726,2
0.4658250761993771,11.490287186400275,2
1.6004588370171788,10.529740407159597,2
8.236153014882893,1.7321759055131938,1
7.177975083531809,1.5371723542009714,1
3.3025443764399602,10.79178852224671,2
8.009097347033078,3.4322930236323237,1
8.38210245373461,1.6445613056841175,1
6.678794460213155,1.1844041406430303,1
1.4212489275132585,9.278191679252112,2
1.8484104056961845,8.922277066638188,2
9.793721825302164,1.8835650511678794,1
8.30147437873026,3.901656235684464,1
-0.29501142174369543,10.9754499229972,2
0.9577823919563313,11.772432034081753,2
8.76984563554554,0.35052492200460894,1
1.8600584503855357,10.646803317283759,2
8.13586416096317,3.173977274186383,1
7.385112640847861,0.5665079010582923,1
7.90299258682811,1.5019643886229883,1
2.369793809059767,10.776532313803497,2
9.227589477622901,0.8568693088159118,1
8.566139361158646,2.4984033347746553,1
1.5377692777144305,7.876045617127472,2
9.396207781469807,6.677096595199214,1
1.9174193282399052,9.277177479657349,2
-0.8314224905160452,9.889937380137557,2
-1.4358410195592595,10.513296349530334,2
6.384041620087543,0.6210205890510492,1
0.7123114159564414,10.242261429724396,2
7.5872703543404265,2.9915492441709404,1
9.892954222672875,-0.03879153107099009,1
7.477666649119122,1.126826025735104,1
6.2339853081176395,0.1589617063227735,1
0.017046038422683707,11.67959813403378,2
1.8547980611824824,9.119679167496658,2
7.837711361123517,1.8549991221123152,1
8.57708100031247,5.1060475274074015,1
7.875183306216071,1.8096482049282776,1
6.248548455375006,-1.0100627140214233,1
0.044533669781850915,8.244331325163495,2
2.287663543063518,9.188231540828468,2
6.5987524466054595,3.540803070712199,1
2.416313260752256,11.289377177486564,2
3.8851461236032363,8.893354634361842,2
2.0827769091275097,10.616545230269873,2
1.9405455799759195,10.4790096196575,2
1.4354806285015496,10.510950106527998,2
1.791539664728445,9.186443134577514,2
7.240929054730616,-1.8648974095284352,1
0.2982345699794424,10.580104016542652,2
-0.6147939843663734,11.12679954038762,2
0.6897810124382715,9.340414619637833,2
1.48643922746554,9.865141497179277,2
8.621739445700541,0.8932815072328077,1
-0.3003169676542776,10.381040309338319,2
8.138009677550208,1.0902987611429906,1
0.7555937599390949,12.010437896627757,2
7.745949698879626,3.791146268701419,1
-0.18748046036210475,11.502680140196174,2
8.534275964412876,2.194226021202798,1
7.983687953655997,-2.14060470422688,1
2.657458805212438,8.67243117168526,2
9.72187866498425,2.458043188545326,1
0.08508502427779752,9.316672030149125,2
6.191815772037714,1.0718260339309564,1
8.304666656085953,0.886311513379392,1
1.3689551586012378,11.990704517458274,2
6.2512406586621925,1.0803002671160407,1
7.200647433348601,2.054480256324574,1
9.107012685512629,6.861349593124297,1
0.7572256877657393,9.68623438808721,2
2.3166708133311125,10.401137813840238,2
0.7513023814151337,9.908738107929722,2
8.259634373903356,3.947423746507675,1
1.2767707882037973,10.018477610138493,2
9.404875214797926,2.4312298532505405,1
8.410958643550828,0.24167592862002696,1
6.708605057066944,3.952664636167591,1
8.407590211808055,-1.8943990530573434,1
0.10656806931769547,10.783854680534413,2
9.754843922974498,1.073027688463449,1
7.743198587871151,1.2443911916554247,1
9.409204039284862,6.52700880471456,1
7.0535352272099034,3.143100830250026,1
0.7688959398888099,9.140401631342048,2
7.552338397567342,2.4550397299848328,1
0.6004564346199226,11.2653712879155,2
1.328686702689994,10.544606732771507,2
2.73144493750259,9.903136541072715,2
1.1286293783965957,10.483819939452355,2
7.377366062762863,2.5725636571109254,1
8.998614318824385,0.3059428988736561,1
7.973348010321847,3.4959260582590135,1
1.6117289266915673,10.139217461519005,2
2.030507496846605,10.976540554434902,2
1.095715972952343,7.554872531672057,2
1.3143029028188997,10.084844781752121,2
8.314536713892501,2.2957109682241574,1
0.13033236563629325,8.44787367329213,2
1.5922658466808937,10.161951832489388,2
1.8225298953081788,9.845058567002773,2
8.509199332034354,0.7917645193244238,1
7.269613981775948,2.9074270969655958,1
8.253440410155273,2.675187274248734,1
2.078968817552617,8.630195837835828,2
0.24110201558804323,9.613668319369244,2
8.517856459121523,0.823248908263116,1
0.07268472771648582,8.182908341534997,2
0.05495260513107847,8.924695321206508,2
-1.2350145336257063,9.095325837807993,2
0.17349253599335446,10.612104926919718,2
7.9138683268046535,2.7892751931290185,1
0.8941587726943624,9.790102278035901,2
1.741498848316525,9.500334750904901,2
6.996276121123545,6.396526963832051,1
0.20504500592209274,9.104112139244778,2
6.873162342656963,2.4872202393041514,1
0.11509768715459323,9.507743942298125,2
0.8055504597564267,11.619259311158482,2
1.7017419857504925,10.467678497625377,2
1.3678220964651984,11.3311913950833,2
1.2937456209921268,10.830349720567922,2
2.2037621056861916,10.938583629262714,2
0.19222016194644465,9.910337115149476,2
-0.518124941727703,9.58441901735798,2
-0.7976719318691585,11.062687626124681,2
3.543873995459174,9.808098804320545,2
8.661122453611606,2.4657400742580897,1
1.2050912570960461,9.982429594156486,2
0.14780354152623942,11.42971224955726,2
7.041612301199425,1.801102699860551,1
8.635374503452736,4.915119585832461,1
1.931928581707284,9.887398315468525,2
7.586100408421894,-1.3000012807039192,1
8.366694680741004,2.153109781333687,1
2.914235409450767,9.139641573625752,2
9.04843911767528,2.8327916316158452,1
0.12009777225567264,9.825543660138978,2
7.99465119157528,1.784746511702015,1
7.088332259627929,2.8004666737071235,1
-0.029670457249450388,10.196712639453477,2
8.438988578269399,3.9910609722480492,1
7.603494057328714,4.7864226319169365,1
7.2164500408037,3.9152823067365574,1
2.377885845592532,11.018534916851321,2
0.6413690346226344,9.179268210043114,2
1.4689939437867994,9.552875924703894,2
10.263007497470644,3.599758140170141,1
0.8996087734114602,11.978766032811139,2
-0.3355013806753342,9.616195704474194,2
7.06265956657236,3.287665138654366,1
7.607761399673984,1.2921345543922422,1
8.580537284934765,4.27408591644823,1
-0.19177276494362094,10.781773501831694,2
8.894309555447903,1.6103976133169056,1
0.857782549234459,10.966441077966557,2
-0.10885252781708377,12.148512512643475,2
0.3863879720307719,8.296494169716699,2
7.604251448771591,2.267982330400928,1
1.8972225567155565,11.635467425294712,2
7.9150291488533595,0.48484513870699786,1
1.4763488218163325,11.533107026339039,2
8.090434069606918,-0.1965008657618883,1
0.6091799038593687,9.558054587013492,2
1.1576549493537658,8.218480833994331,2
-0.33318710211522173,8.944486921690856,2
2.4873776971437875,8.938891406150772,2
7.729629118597407,-0.6714295106742618,1
7.825908535196952,-0.63826504660237,1
7.911916651223996,0.10996216944809323,1
1.124025083965889,10.440168502492758,2
7.6044866292821,1.749115771908652,1
0.2400647617620988,10.057194793285818,2
8.004640441967442,6.069188531930504,1
8.390888716512753,2.5401067282470478,1
6.875952153821865,2.152374077189154,1
1.1826783378160615,8.223427403569243,2
8.690601331501849,-0.16106789534075805,1
7.512176907596631,2.9503224138247948,1
8.184614079957308,1.5232243275292652,1
8.996463032891974,2.6445159002481566,1
2.5617265765553734,10.261635108848186,2
1.075443520797549,10.6231720239107,2
0.9946603259008049,9.23525725671823,2
1.8959007069172813,10.1234685023644,2
8.755562690712594,2.1867656686376256,1
0.6205785028233316,10.745250705225528,2
0.9566041368071425,9.606028788859284,2
7.5929998909904795,4.667934924725294,1
9.243701823765045,2.642613868463316,1
10.31985458694627,2.487890369568608,1
8.781632489938373,2.2971158722966014,1
7.897688341443247,-2.215669337055755,1
9.26503018902262,0.9485211973470133,1
1.0741106529381226,10.402999241754653,2
6.969217402119526,-2.235488380630536,1
-0.6957528405699649,9.339619263207549,2
8.129396077633908,1.6768318664308224,1
7.116929578486403,2.60876918041473,1
0.30087068659582283,10.851977297913843,2
1.704090615506857,10.081446398320647,2
7.267783806091756,0.632538280655305,1
0.6333793102055603,10.113613967280305,2
6.720874070987593,2.5452510353815008,1
9.17965898340536,2.100730472918265,1
0.2792150574198624,10.277070578682281,2
9.38603752562308,4.591369831345304,1
0.2636409042172919,9.151048541610631,2
7.468913416116818,2.7641266034776866,1
8.536383029012082,3.670066962389927,1
8.880475606160369,3.631342643713235,1
6.0241615896215635,4.7584642438722184,1
9.079797450288659,6.109692568758136,1
2.6092481148205238,8.860784315807537,2
7.659938689692599,1.4538970186512128,1
8.589637754866365,0.2991886847094183,1
7.987629051371318,2.176026477615867,1
0.4170896699437384,10.26375414057921,2
0.6749428571179852,10.405876279207074,2
1.6696703080362583,9.261166151862614,2
6.877637949462981,1.309163436767626,1
1.695325997121015,11.201101703702962,2
2.9002021104171662,9.848423095512155,2
8.516804352197287,-2.2101459992812,1
1.6087563917437546,9.03662238444592,2
8.452622870725117,-0.626732991530953,1
1.4533626630266039,10.234095609529797,2
1.5382357069692412,12.204541504920945,2
1.2387202367597445,10.58393501176928,2
1.8661725040980177,10.111203082908377,2
-1.3331289842893446,10.95519090269047,2
-0.7146151398505973,10.30569468518548,2
9.044986595998072,5.904189625091414,1
9.001658751437478,0.14325735774489012,1
6.998813972196081,0.6511212309332122,1
0.8422279466461181,9.562932503917345,2
6.716145197158026,0.33316680151160405,1
2.1028083489145653,9.782618627011452,2
1.627180871923795,11.059376750110848,2
9.102059099376548,-0.1620258417240299,1
7.790173066847502,0.9021603933055631,1
6.985354694867957,3.7184690382082293,1
0.17563066251607906,11.3166137760782,2
2.3961815721773037,10.236152684106045,2
7.627933016367549,-1.5904688722918863,1
1.3882673923354276,10.335785549471733,2
9.392221990851695,-0.10448152307166447,1
7.784382560288934,1.224409449678061,1
6.058745923284906,3.9304620462921687,1
1.2706769560029467,9.696276251563633,2
-0.2775194150805744,10.449790781265735,2
10.167484757123308,-1.0250747923673167,1
-1.3084481770882688,12.800793936301835,2
1.6463631901044364,11.369553427827384,2
1.2338903339808198,9.22869207548505,2
6.686524029808497,3.66189490613271,1
1.9536578192267133,11.02739991399498,2
7.390013008948925,5.039719923557221,1
7.77179290799072,1.7056725400251653,1
6.7634647983013885,1.5901357855670826,1
0.5386269722091778,8.320288127659415,2
9.293335101062363,0.30291727215497977,1
9.452252289921418,2.564529424104494,1
7.14358278936514,1.0794575227153973,1
8.163684600126324,1.7866736602376667,1
8.568728626690596,3.741061032795199,1
0.16847933753921773,10.016143632309168,2
-0.4752965364074637,11.80820768868553,2
1.0918041637941822,9.831351356521981,2
8.763258188931104,3.6773889000519855,1
0.6762942998296337,10.459698266340885,2
1.053440909624085,10.04909052498029,2
9.117429910145598,-0.7392751939510758,1
7.291144803522636,1.302503289146777,1
1.3004131851876557,9.90106448359626,2
1.022141414011619,10.242851313392347,2
0.3789902394548942,8.749044492929393,2
7.439799490385276,3.2972856388989706,1
8.353097468166437,2.4529925106497155,1
1.8430063265729704,10.89385252089587,2
0.2887224862911185,10.560571682768884,2
6.444277978976599,1.3988227846715307,1
1.445048547843758,11.629651395377598,2
7.500705030961664,2.7566795972882345,1
7.832236199586751,0.855773682032098,1
1.4371310979379808,9.280010399290157,2
8.968134501083261,4.049291628710332,1
6.95202015023801,-0.46274824444233653,1
1.7772812496202124,9.870559537716996,2
7.55162878318713,4.979546415868226,1
7.206137897756622,3.2845051317058713,1
1.5255905794440514,10.215967626892432,2
8.084078067621817,-0.8644959513190114,1
2.3873527438669955,9.660547323616035,2
8.714140054325599,7.1254573293380075,1
6.068603689063783,2.271210348661454,1
1.3745107815395987,8.69565164710189,2
6.941185929416364,0.07054229480294083,1
7.773433052762266,4.773797670305364,1
9.281775492702009,4.391986437652902,1
8.189309635145289,2.418089345296821,1
0.21133349004055946,10.897799494207195,2
7.616800792438403,1.4605544895772626,1
0.6597622638570042,10.963328447113781,2
8.684639258870183,-0.6066244927045505,1
7.9364450729517,3.69493015301786,1
0.6914512103416512,10.580664191857545,2
7.80133193865664,0.8564917696135694,1
7.5262257732620625,4.160374251684213,1
8.503914481787653,1.5723203572567663,1
1.5982919399628446,9.739137207121399,2
6.859617015187482,1.943383754661239,1
8.767705668125108,-0.6217639409086324,1
8.647161506826718,2.156602783397073,1
2.8211844069488325,10.209435516056642,2
0.6854729152497555,11.583618133494868,2
0.5760130371261597,11.554033976248622,2
1.6215825012923135,8.66908072346087,2
9.325654266725754,2.419472083169316,1
6.496863888160892,3.847035371688335,1
1.5746140107672257,10.413236228852778,2
3.1035064096609037,10.026696867375843,2
7.4023261718538125,2.0695757143117905,1
2.530531383661161,9.502272050344022,2
8.507280381618397,3.7677091352195227,1
8.314279610337437,2.30234799242385,1
8.215941207853588,4.088438649119915,1
0.7465879526751401,9.862221796750534,2
1.4027691990975684,9.420872894248763,2
3.4863240712562575,10.47430672417114,2
7.398358625248916,3.4003355921874556,1
6.99285233050379,1.0222476206420723,1
2.0329532021984065,8.480185915798856,2
-0.2912676690571927,8.170365390385752,2
-0.2227670271821951,9.336673419789728,2
1.4248781181646113,10.644714969711066,2
0.3873781702969402,12.186465931592299,2
9.434904596349009,1.9663924926996263,1
7.6975229542572565,0.9839081056628218,1
7.43630563633976,3.726241451904311,1
6.083988988755102,0.45790247187475974,1
8.15319616106515,1.6526577441718362,1
6.9196525094468,1.081186020093186,1
8.23685847179877,2.9422250304115947,1
0.5958160595123674,10.317989507786987,2
0.1587849260337666,9.509608485747028,2
1.3180765552084708,10.896871436460753,2
6.3938638170547915,0.6329920447089441,1
0.26491041320475694,9.42141785767411,2
7.973851980089464,1.5296546383442218,1
1.9353190615938727,9.290444078442487,2
8.157819938504533,0.48461092079739165,1
1.416435134027643,11.532330205697455,2
0.892008794439809,8.62296937274398,2
0.9215411984581207,9.110131791607612,2
9.323546570142197,0.3174650423578482,1
0.7907880801760754,10.230921659545412,2
1.3125580759976858,10.285781582033943,2
7.892426597540584,5.791364775704361,1
1.9824434518252798,8.079476339930277,2
6.858811210739471,1.2367427124139758,1
6.348709600388118,0.7651095160203594,1
2.1981374705026613,10.099592954177055,2
7.212768653675516,4.658851029573894,1
-0.010755920165899324,9.077209682868212,2
8.561834349252994,1.9319306278702015,1
1.906859666178038,11.257018843396208,2
0.009348069202367082,9.346971663715909,2
7.245661926854226,4.071026388289943,1
1.7359268683857323,10.06776571399027,2
0.5546419607586925,9.624185227056662,2
0.2867847619890057,7.8748752892701726,2
8.031077290744449,0.350061192506564,1
8.582989541133252,1.5555955022455095,1
7.89851981610938,4.557536929979798,1
1.5924458695442896,9.567040166316087,2
1.532845911178499,11.361768640819268,2
0.8118944393016901,11.015191359807712,2
-1.1500072721806136,10.53270406704932,2
-0.30328317418448036,10.19496924426407,2
2.0216555048389653,10.197884230453056,2
1.3413066115928725,9.723816032465448,2
2.9630708511431703,10.318463271313789,2
1.4367997845242653,9.60551721520092,2
8.832687030609002,4.548569342919889,1
7.9245366461323,3.7820599328006677,1
1.4309148308810953,9.447727021214105,2
7.278845185077145,4.301164372821503,1
1.4606413648556384,11.46087108828826,2
7.248010057883161,-1.1944524517535955,1
9.932228219222175,1.4624688503446361,1
8.629057912415782,2.981529582982745,1
8.6836009899172,5.780381061486424,1
7.56467119671851,4.831678838731301,1
9.201378928508035,-1.5994417297345707,1
2.623839603867175,10.857562448231228,2
8.169945947491557,2.7712520868041515,1
1.7670746138273792,9.668436024767429,2
0.7461949833473562,9.587023808226412,2
2.866623162172382,11.695719972831553,2
1.5285111209165112,9.292384317393292,2
6.276771491491726,-2.703559162754794,1
2.057992466643563,11.375501755941453,2
8.043315358168956,2.5025424974985917,1
-0.4941672310533467,9.256991617025383,2
1.3325760234323931,8.62491196268169,2
0.8651592176063999,10.97339324349683,2
6.988812357572737,3.4850167976490596,1
6.994562229228283,0.5633804100905293,1
1.216033675947245,9.451322656961153,2
0.9618947302146719,9.945416166273692,2
1.7349596483142888,10.703797091888006,2
0.3926529693720382,9.040070812425988,2
6.642061174434463,-0.2587168389736476,1
-0.3479290139597264,9.121940480122053,2
2.2204402700779076,10.692471383860287,2
-0.03759112776904705,9.959757120188792,2
0.7521061630258261,10.11339643521517,2
1.9985705516595602,9.519091632218338,2
2.9954345340714847,8.60498062714365,2
-1.2504784079026576,9.958383063763659,2
0.4930356634992089,8.986582894964682,2
7.418660786491643,2.941708243014453,1
2.480451482296711,8.91391303859331,2
2.0996142572643883,10.480747385677663,2
1.0936969639074672,10.988528184633756,2
7.874364933484665,1.6477859127484875,1
9.015639160397233,5.296647207281071,1
1.9464197858594179,11.363410395883175,2
6.4750017527068815,2.007262773999295,1
6.909129405607852,1.6817240368479252,1
1.7465881343518372,9.424955495269671,2
1.9347994051135629,10.476682988349346,2
6.013790254460973,1.4557585157575703,1
7.835285011987918,2.044755725267681,1
1.8086389773006277,9.660879698649662,2
8.816401204001965,-2.0830849988047317,1
1.0201725014941636,8.935185571819497,2
1.7276215523513385,12.201049276170602,2
7.601292989532131,4.232611140801395,1
1.3312747571250827,9.796874655349601,2
7.906948889665583,5.771338599948323,1
0.5490890266373678,11.13369690729583,2
1.117545030405844,9.277667131700136,2
0.5599381656828228,8.799869126306437,2
5.519585409645135,3.4748281924294293,1
6.4892226945621605,2.712404594097719,1
9.772259598880447,1.411439369446231,1
0.907271378663509,10.392886741258849,2
8.567962487968044,0.91918181493554,1
1.018840156809367,10.438154566678952,2
0.9285389345531809,9.700042992180363,2
1.727152794246055,9.649513548313122,2
7.376064991684202,-0.38922666461309463,1
2.032604549703499,11.440360973480637,2
8.67602309316937,1.4022764144716684,1
1.461624543751312,9.703260098034228,2
3.2052850026260984,11.09316531041599,2
4.661465534017289,8.799076477611814,2
8.386286492222943,-3.577127216741493,1
9.20316539304265,4.471341495174368,1
1.248188286952353,10.88077354814432,2
0.7768798462688534,10.843169648453731,2
0.7257978555356698,8.914281646721351,2
1.37120131090897,11.094262312920465,2
0.8227365944227496,10.421890279975928,2
-1.6295200057642734,10.754363780005587,2
-0.8510985829342879,8.796339689160005,2
0.9899585118044617,9.984324372889166,2
0.7498421190780521,8.50949613339395,2
-0.08685662285846552,9.9319323780107,2
2.288811842356909,9.904763252222514,2
0.7597709003495017,9.994133007358618,2
9.560056910984553,-2.161845572425073,1
8.533610668845514,1.1457325425285674,1
6.300458352819481,-1.3691273917694318,1
1.4429730591241656,10.642410079192562,2
0.2026136279268087,9.090183695526866,2
0.24155528989930175,10.406631592594715,2
9.01247721737702,5.911261452209111,1
8.785489667400944,-0.1708444761265424,1
8.75890521615974,3.741322264560849,1
8.385352830987706,2.258721895063547,1
8.010896800115408,0.010865736471300735,1
-0.3044226651548143,8.965791352078575,2
7.937416147148975,3.5904596515467038,1
7.6536710661789025,3.171481035405599,1
8.763057904149438,1.5495817708112194,1
7.737702183263922,6.231102021009583,1
0.6343859182870734,9.4465011549903,2
7.729819564013006,0.5311026677118498,1
8.659167153357142,-0.8284850838516564,1
9.518195832202853,1.4317184319871523,1
8.813690543764379,3.8450882381522806,1
8.823467591225965,2.1109833460541103,1
0.5754628743568311,9.71990143173202,2
-0.7169449777272647,10.158485747568951,2
0.9701283677050939,10.357135368711136,2
1.1071868212774558,9.614049242463775,2
1.99992791013231,10.161987554234427,2
1.1116060535569194,10.404694407665227,2
6.817816031056019,1.8437575734027336,1
7.273094758319482,-2.844791233835699,1
10.19402795102838,0.2104173713895321,1
8.003290789985563,-0.6492053939751794,1
8.89958717853762,4.608560851747381,1
10.52992866174317,5.532108287622425,1
8.375361449599813,0.03937719250851046,1
-0.25515716399650246,11.140015232510363,2
0.22587244510407944,10.017633078053876,2
